<!DOCTYPE hibernate-configuration PUBLIC "-//Hibernate/Hibernate Configuration DTD 3.0//EN" "http://hibernate.sourceforge.net/hibernate-configuration-3.0.dtd">
<hibernate-configuration>
    <session-factory>
        <!-- JDBC Database connection settings -->
        <property name="hibernate.dialect">org.hibernate.dialect.PostgreSQLDialect</property>
        <property name="hibernate.connection.driver_class">org.postgresql.Driver</property>
        <property name="hibernate.connection.url">jdbc:postgresql://192.168.2.3:5432/karthik</property>
        <property name="hibernate.connection.username">glace</property>
        <property name="hibernate.connection.password">glacenxt</property>
        
        <!-- JDBC connection pool settings -->
        <property name="hibernate.c3p0.min_size">5</property>
        <property name="hibernate.c3p0.max_size">20</property>
        <property name="hibernate.c3p0.timeout">300</property>
        <property name="hibernate.c3p0.max_statements">50</property>
        
        <!-- Specify dialect -->
        <property name="hibernate.dialect">org.hibernate.dialect.PostgreSQLDialect</property>
        
        <!-- Enable Hibernate's automatic session context management -->
        <property name="hibernate.current_session_context_class">thread</property>
        
        <!-- Echo all executed queries -->
        <property name="hibernate.show_sql">true</property>
        
        <!-- Drop and re-create the database schema on startup -->
        <property name="hibernate.hbm2ddl.auto">update</property>
        
        <!-- Disable the second-level cache -->
        <property name="hibernate.cache.provider_class">org.hibernate.cache.NoCacheProvider</property>
        
        <!-- Echo all executed queries -->
        <property name="hibernate.show_sql">true</property>
    </session-factory>
</hibernate-configuration>
